"Entry ID","Z-number","Angle alpha (°)","Angle beta (°)","Angle gamma (°)","Length a (Å)","Length b (Å)","Length c (Å)","Collection Temperature","Detector","Collection Date","Diffraction Source","Diffraction Type","Experimental Method","Matthews Density","Percent Solvent Content","Crystallization Method","pH","Crystal Growth Procedure","Temp (K)","Group ID","DOI","Ligand","PDB ID","Molecular Weight (Structure)","Resolution (Å)","Average B Factor","R Free","R Work","R All","R Observed","High Resolution Limit","Reflections For Refinement","Structure Determination Method","Refine ID","Space Group","Sequence","Chain Length","Molecular Weight (Entity)","Entity ID",
"6GN2",72,90,90,120,105.413,105.413,56.131,150,"PIXEL","2015-07-02","ROTATING ANODE","RIGAKU FR-X","X-RAY DIFFRACTION",4.14,70.32,"VAPOR DIFFUSION, HANGING DROP",8.5,"Ammonium sulfate, Tris",293,,,,"6GN2",7.39,"2.48",34.27,0.2723,0.2586,,0.2601,2.48,7997,"MOLECULAR REPLACEMENT","X-RAY DIFFRACTION","H -3","CCCGGG",6,1.81,"1",
"1D82",8,90,90,90,42.56,42.56,24.61,295,"DIFFRACTOMETER",,"ROTATING ANODE","RIGAKU RU200","X-RAY DIFFRACTION",2.3,46.43,"VAPOR DIFFUSION",6.8,"pH 6.80, VAPOR DIFFUSION, temperature 295.00K",295,,,,"1D82",2.43,"2.5",,,,,0.211,2.5,801,,"X-RAY DIFFRACTION","P 43 21 2","GTCTAGAC",8,2.427,"1",
"172D",36,90,90,120,70.54,70.54,53.3,123,"DIFFRACTOMETER",,,,"X-RAY DIFFRACTION",2.63,53.22,"VAPOR DIFFUSION",7,"pH 7.00, VAPOR DIFFUSION, temperature 277.00K",277,,,,"172D",9.71,"3",,,0.212,,0.212,3,1035,,"X-RAY DIFFRACTION","H 3","GAAGCTTC",8,2.427,"1",
"1QPH",12,90,90,120,46.3,46.3,72.6,278,"IMAGE PLATE","1996-09-25","ROTATING ANODE","MACSCIENCE","X-RAY DIFFRACTION",3.07,59.88,"VAPOR DIFFUSION, HANGING DROP",6.5,"(NH4)2SO4, WATER, pH 6.5, VAPOR DIFFUSION, HANGING DROP, temperature 277.0K",277,,,,"1QPH",3.66,"2.5",,,0.225,,0.225,2.5,1682,"RIGID BODY REFINEMENT","X-RAY DIFFRACTION","P 61 2 2","GACCACGTGGTC",12,3.663,"1",
"343D",8,85.05,82.91,74.93,23.88,33.82,40.12,298,"AREA DETECTOR","1996-02-01",,,"X-RAY DIFFRACTION",2.48,50.32,"VAPOR DIFFUSION",7,"pH 7.00, VAPOR DIFFUSION",,,,,"343D",14.59,"2.1",14.34,0.286,0.204,,0.204,2.1,6307,"MOLECULAR REPLACEMENT","X-RAY DIFFRACTION","P 1","GCTAGC",6,1.823,"1",
"4IZQ",8,90,90,90,24.82,43.9,46.57,100,"PIXEL","2012-10-13","SYNCHROTRON","DIAMOND BEAMLINE I02","X-RAY DIFFRACTION",2.08,40.93,"VAPOR DIFFUSION, SITTING DROP",7,"0.1mM 2-phenylpyridine-Pd12-cyanurate, 80mM KCl, 40mM Na-cacodylate, 20mM BaCl2, 12mM spermine, 10%(v/v) 2-methyl-2,4-pentanediol, 1ml 2-methyl-2,4-pentanediol, pH 7.0, VAPOR DIFFUSION, SITTING DROP, temperature 298K",298,,,,"4IZQ",6.09,"2.04",25.844,0.25227,0.19703,,0.1997,2.04,3001,"MOLECULAR REPLACEMENT","X-RAY DIFFRACTION","P 21 21 21","GGGCATGCCC",10,3.046,"1",
"4YS5",8,90,90,90,41.621,41.621,25.067,80,"CCD","2014-12-01","SYNCHROTRON","NSLS BEAMLINE X25","X-RAY DIFFRACTION",2.15,42.88,"VAPOR DIFFUSION, HANGING DROP",6,"10% MPD, sodium cacodylate, sodium chloride, barium chloride",298,,,,"4YS5",2.52,"1.65",23.524,0.26294,0.22517,,0.22695,1.65,2772,,"X-RAY DIFFRACTION","P 43 21 2","GTGGCCAC",8,2.521,"1",
"6DY9",12,90,90,120,46.221,46.221,43.426,100,"CCD","2014-05-29","SYNCHROTRON","APS BEAMLINE 21-ID-G","X-RAY DIFFRACTION",2.76,55.4,"VAPOR DIFFUSION, HANGING DROP",,"1 mM ds DNA with 5 mM zinc acetate and 2 mM spermine was incubated against 55% (v/v) 2-methyl-2,4-pentanediol (MPD)",294,,,,"6DY9",4.99,"2.3",63.165,0.27582,0.25346,,0.2545,2.3,2266,"SAD","X-RAY DIFFRACTION","P 61","GGGATCCC",8,2.428,"1",
"6DXJ",8,90,90,90,44.174,44.174,24.281,100,"CCD","2014-02-13","SYNCHROTRON","APS BEAMLINE 22-ID","X-RAY DIFFRACTION",2.44,49.58,"VAPOR DIFFUSION, HANGING DROP",,"1 mM ds DNA with 5 mM zinc acetate incubated against 55% (v/v) 2-methyl-2,4-pentanediol (MPD)",294,,,,"6DXJ",2.75,"1.65",40.991,0.25535,0.21395,,0.21607,1.65,2909,"SAD","X-RAY DIFFRACTION","P 43 21 2","GAGGCCTC",8,2.428,"1",
"4F4N",12,90,90,120,44.635,44.635,41.305,,"CCD",,"SYNCHROTRON","NSLS BEAMLINE X12C","X-RAY DIFFRACTION",2.36,47.82,,,,,,,,"4F4N",4.98,"1.3",12.491,0.18111,0.15416,,0.15543,1.3,10318,"MOLECULAR REPLACEMENT","X-RAY DIFFRACTION","P 61","GTGTACAC",8,2.49,"1",
"3IFF",12,90,90,120,38.748,38.748,76.628,99,"CCD","2008-10-22","SYNCHROTRON","NSLS BEAMLINE X12C","X-RAY DIFFRACTION",2.65,53.51,"VAPOR DIFFUSION, HANGING DROP",7,"10% v / v MPD, 40 mM Na Cacodylate pH 7.0, 12 mM Spermine tetra-HCl, 40 mM Lithium Chloride, 80 mM Strontium Chloride, VAPOR DIFFUSION, HANGING DROP, temperature 310K, temperature 293K",293,,,,"3IFF",6.35,"1.75",48.071,0.27831,0.20226,0.20609,0.20609,1.75,6208,"MOLECULAR REPLACEMENT","X-RAY DIFFRACTION","P 61","GTACGCGTAC",10,3.138,"1",
"2PLO",12,90,90,120,44.783,44.783,41.393,100,"CCD","2006-11-10","SYNCHROTRON","ESRF BEAMLINE BM14","X-RAY DIFFRACTION",2.37,48.21,"VAPOR DIFFUSION, SITTING DROP",7,"20 mg dissolved in 0.2 ml of 15 % MPD, 10-2 M sodium cacodylate buffer. Additives : 10-5M sodium azide, 10-2 M MgCl2 and 2.10-2 M spermine chloride, pH 7, VAPOR DIFFUSION, SITTING DROP, temperature 290K",290,,,,"2PLO",4.88,"1.4",,,0.17,0.1796,0.1773,1.4,8870,"FOURIER SYNTHESIS","X-RAY DIFFRACTION","P 61","GGTATACC",8,2.427,"1",
"281D",12,90,90,120,46.291,46.291,42.967,,"AREA DETECTOR","1996-01-11","ROTATING ANODE",,"X-RAY DIFFRACTION",2.74,55.06,"VAPOR DIFFUSION, SITTING DROP",7,"pH 7.00, VAPOR DIFFUSION, SITTING DROP, temperature 287.00K",287,,"10.1107/S0907444996014795",,"281D",4.86,"2.38",26,,0.171,,0.171,2.38,2045,,"X-RAY DIFFRACTION","P 61","GGCATGCC",8,2.428,"1",
"399D",8,90,90,90,31.29,42.602,45.995,293,"IMAGE PLATE","1997-01-01","ROTATING ANODE","ELLIOTT GX-21","X-RAY DIFFRACTION",1.99,38.09,"VAPOR DIFFUSION, SITTING DROP",5.6,"pH 5.60, VAPOR DIFFUSION, SITTING DROP",,,"10.1006/jmbi.1998.2424",,"399D",7.33,"1.9",12,0.203,0.165,,0.165,1.9,3957,,"X-RAY DIFFRACTION","P 21 21 21","CGCCCGCGGGCG",12,3.665,"1",
"414D",8,90,100.74,90,45.504,46.084,28.465,291,"IMAGE PLATE","1996-12-15","ROTATING ANODE","RIGAKU","X-RAY DIFFRACTION",2.29,50,"VAPOR DIFFUSION, HANGING DROP",6.5,"pH 6.50, VAPOR DIFFUSION, HANGING DROP, temperature 293.00K",293,,"10.1107/s0907444999003182",,"414D",12.19,"1.9",,,,,,1.9,3583,,"X-RAY DIFFRACTION","P 1 21 1","GGGGCGCCCC",10,3.047,"1",
,,,,,,,,,,,,,,,,,,,,,,,,,,,,,,,,,,,,,,,,
,,,,,,,,,,,,,,,,,,,,,,,,,,,,,,,,,,,,,,,,
,,,,,,,,,,,,,,,,,,,,,,,,,,,,,,,,,,,,,,,,
"5XK0",8,90,90,90,42.012,42.012,25.016,100,"PIXEL","2016-11-10","SYNCHROTRON","SSRF BEAMLINE BL19U1","X-RAY DIFFRACTION",2.29,46.23,"VAPOR DIFFUSION, HANGING DROP",6,"10% v/v MPD, 40mM Sodium cacodylate pH 6.0, 12mM Spermine tetra-HCl, 80mM KCl, 20mM MgCl2",291,,"10.1002/anie.201704891",,"5XK0",2.41,"1.451",,0.1956,0.1803,,0.181,1.451,4199,"FOURIER SYNTHESIS","X-RAY DIFFRACTION","P 43 21 2","GCCCGAGC",8,2.413,"1",
"6DY5",8,90,90,90,25.567,42.451,49.212,100,"CCD","2014-07-12","SYNCHROTRON","APS BEAMLINE 21-ID-G","X-RAY DIFFRACTION",2.19,43.9,"VAPOR DIFFUSION, HANGING DROP",,"1 mM ds DNA containing 5 mM zinc acetate, 2 mM spermine and 50 mM NaCl,
incubated against 55% (v/v) 2-methyl-2,4-pentanediol (MPD)",294,,,,"6DY5",6.43,"1.26",25.919,0.25374,0.2143,,0.21649,1.26,13820,"SAD","X-RAY DIFFRACTION","P 21 21 21","AGGGATCCCT",10,3.045,"1",
"1R3Z",8,90,90,90,42.97,42.97,24.93,298,"IMAGE PLATE",,"ROTATING ANODE","RIGAKU RU200","X-RAY DIFFRACTION",2.25,45.43,"VAPOR DIFFUSION, HANGING DROP",6,"cacodylate, magnesium chloride, spermine tetrachloride, pH 6.0, VAPOR DIFFUSION, HANGING DROP, temperature 298K",298,,"10.1107/s0907444903021899",,"1R3Z",2.46,"1.7",,0.203,0.17,0.193,0.193,1.7,2311,"Molecular Placement","X-RAY DIFFRACTION","P 43 21 2","GCGCGCGC",8,2.457,"1",
"243D",8,90,90,90,42.845,42.845,24.804,295,"IMAGE PLATE","1993-10-04","SEALED TUBE","OTHER","X-RAY DIFFRACTION",2.35,47.56,"VAPOR DIFFUSION, HANGING DROP",7,"pH 7.00, VAPOR DIFFUSION, HANGING DROP, temperature 291.00K",291,,"10.1107/S0907444995016052",,"243D",2.43,"1.9",,,0.177,,0.177,1.9,1994,,"X-RAY DIFFRACTION","P 43 21 2","ACGTACGT",8,2.427,"1",
"1VT5",8,90,90,90,43.36,43.36,24.83,288,"DIFFRACTOMETER",,"SEALED TUBE",,"X-RAY DIFFRACTION",2.4,48.81,,7,"MPD, Sodium Cacodylate, spermine, MgCl2, pH 7.00",,,"10.1080/07391102.1987.10506390",,"1VT5",2.43,"2.25",,,0.24,,0.24,2.25,1018,,"X-RAY DIFFRACTION","P 43 21 2","CCCCGGGG",8,2.429,"1",
,,,,,,,,,"AREA DETECTOR",,"ROTATING ANODE",,,,,,,,,,,,,,,,,,,,,,,,,,,,,
"1D93",8,90,90,90,42.52,42.52,24.33,,"DIFFRACTOMETER",,,,"X-RAY DIFFRACTION",2.27,45.72,"VAPOR DIFFUSION, SITTING DROP",6.8,"pH 6.80, VAPOR DIFFUSION, SITTING DROP, temperature 291.00K",291,,"10.1021/bi00432a015",,"1D93",2.43,"2.15",,,,,0.147,2.15,931,,"X-RAY DIFFRACTION","P 43 21 2","CTCTAGAG",8,2.427,"1",
"1D91",12,90,90,120,44.71,44.71,42.4,275,"DIFFRACTOMETER",,,,"X-RAY DIFFRACTION",2.5,50.86,"VAPOR DIFFUSION",6.5,"pH 6.50, VAPOR DIFFUSION, temperature 277.00K",277,,"10.1016/0022-2836(85)90398-5",,"1D91",4.89,"2.1",,,,,0.145,2.1,2486,,"X-RAY DIFFRACTION","P 61","GGGGTCCC",8,2.444,"1",
"2D47",12,90,90,120,45.2,45.2,65,293,"DIFFRACTOMETER",,,,"X-RAY DIFFRACTION",2.61,52.96,"VAPOR DIFFUSION",7,"pH 7.00, VAPOR DIFFUSION",,,"10.1016/0022-2836(91)80077-8",,"2D47",7.53,"2",,,,,0.177,2,2082,,"X-RAY DIFFRACTION","P 32 2 1","CCCCCGCGGGGG",12,3.665,"1",
"2ANA",12,90,90,120,45.32,45.32,42.25,291,"DIFFRACTOMETER",,,,"X-RAY DIFFRACTION",2.58,52.3,"VAPOR DIFFUSION",,"VAPOR DIFFUSION, temperature 280.00K",280,,"10.1016/0022-2836(85)90009-9",,"2ANA",4.86,"2.5",,,,,0.14,2.5,1283,,"X-RAY DIFFRACTION","P 61","GGGGCCCC",8,2.429,"1",
"2A7E",8,90,90,90,41.63,41.63,24.72,100,,,"SYNCHROTRON","ELETTRA BEAMLINE 5.2R","X-RAY DIFFRACTION",2.21,44.24,,,,,,"10.1107/S0907444905021475",,"2A7E",2.43,"1.66",17.83,0.197,0.183,,0.184,1.66,2742,"FOURIER SYNTHESIS","X-RAY DIFFRACTION","P 43 21 2","CCCTAGGG",8,2.428,"1",
"295D",8,90,90,90,42.406,42.406,24.902,,"AREA DETECTOR",,"ROTATING ANODE",,"X-RAY DIFFRACTION",2.31,46.68,"VAPOR DIFFUSION, HANGING DROP",,"VAPOR DIFFUSION, HANGING DROP",,,"10.1093/nar/18.18.5521",,"295D",2.43,"1.5",,,,,0.177,1.5,,,"X-RAY DIFFRACTION","P 43 21 2","ATGCGCAT",8,2.427,"1",
"382D",12,90,90,120,41.5,41.5,57.5,273,"AREA DETECTOR","1994-03-26","ROTATING ANODE","SIEMENS","X-RAY DIFFRACTION",2.23,44.81,,6,"pH 6.00",,,"10.1093/emboj/17.9.2709",,"382D",3.07,"2.2",,,0.197,,0.197,2.2,1448,"MOLECULAR REPLECEMENT","X-RAY DIFFRACTION","P 65 2 2","CCGCCGGCGG",10,3.047,"1",
"369D",8,90,90,90,23.13,40.82,42.52,293,"IMAGE PLATE","1996-01-01","ROTATING ANODE","ELLIOTT GX-21","X-RAY DIFFRACTION",2.07,40.47,,6,"pH 6.00",,,"10.1080/07391102.1997.10508954",,"369D",4.86,"1.9",,0.213,0.172,,0.176,1.9,3203,,"X-RAY DIFFRACTION","P 21 21 21","CCCGCGGG",8,2.429,"1",
"257D",16,90,90,90,39.1,45.55,39.11,,"DIFFRACTOMETER","1994-03-01","SEALED TUBE",,"X-RAY DIFFRACTION",2.4,48.86,"VAPOR DIFFUSION, SITTING DROP",7,"pH 7.00, VAPOR DIFFUSION, SITTING DROP",,,"10.1006/jmbi.1995.0336",,"257D",3.62,"2.3",,0.161,0.164,,0.164,2.3,929,,"X-RAY DIFFRACTION","C 2 2 21","GCCGGC",6,1.81,"1",
"138D",12,90,90,120,39.11,39.11,79.23,290,"AREA DETECTOR",,"ROTATING ANODE",,"X-RAY DIFFRACTION",2.87,57.15,"VAPOR DIFFUSION, HANGING DROP",7,"pH 7.00, VAPOR DIFFUSION, HANGING DROP",,,"10.1021/bi00093a025",,"138D",3.05,"1.8",,,0.183,,0.183,1.8,2298,,"X-RAY DIFFRACTION","P 61 2 2","GCGGGCCCGC",10,3.047,"1",
"1ZF1",8,90,90,90,24.8,44.37,46.25,103,"CCD","2004-02-25","SYNCHROTRON","APS BEAMLINE 14-BM-D","X-RAY DIFFRACTION",2.09,41.09,,7,"Na Cacodylate, CaCl2, Spermine, MPD in resevoir, pH 7.0, VAPOR DIFFUSION, SITTING DROP, temperature 298K, pH 7.00",298,,"10.1073/pnas.0409455102",,"1ZF1",6.09,"1.35",8.43,0.245,0.222,,0.222,1.35,11315,"MOLECULAR REPLACEMENT","X-RAY DIFFRACTION","P 21 21 21","CCGGGCCCGG",10,3.047,"1",
"1ZF9",8,90,90,90,23.28,45.31,47.55,103,"CCD","2003-06-14","SYNCHROTRON","APS BEAMLINE 14-ID-B","X-RAY DIFFRACTION",2.06,40.22,,7,"Na Cacodylate, CaCl2, Spermine, MPD in resevoir, pH 7.0, VAPOR DIFFUSION, SITTING DROP, temperature 298K, pH 7.00",298,,"10.1073/pnas.0409455102",,"1ZF9",6.14,"1.38",6.1,0.259,0.237,,0.237,1.38,10051,"MOLECULAR REPLACEMENT","X-RAY DIFFRACTION","P 21 21 21","CCCCCGGGGG",10,3.047,"1",
,,,,,,,,103,"IMAGE PLATE","2003-02-02","ROTATING ANODE","RIGAKU RUH3R",,,,,,,,,,,,,,,,,,,,,,,,,,,,
"1VT7",12,90,90,120,45.62,45.62,40.99,,"CCD",,,,"X-RAY DIFFRACTION",2.52,51.18,"VAPOR DIFFUSION",7,"MPD, MgCl2, spermine, sodium cacodylate, pH 7.00, VAPOR DIFFUSION, temperature 277.00K",277,,"10.1016/0022-2836(88)90340-3",,"1VT7",4.89,"2.5",,,0.152,,0.152,2.5,1362,,"X-RAY DIFFRACTION","P 61","GGGTGCCC",8,2.444,"1",
"2RMQ",,,,,,,,,,,,,"SOLUTION NMR",,,,,,,,"10.1093/nar/gkn011",,"2RMQ",7.71,,,,,,,,,,,,"CGCGAATTCGCG",12,3.856,"1",
"1D92",12,90,90,120,45.2,45.2,42.97,275,"DIFFRACTOMETER",,,,"X-RAY DIFFRACTION",2.59,52.56,"VAPOR DIFFUSION",6.5,"pH 6.50, VAPOR DIFFUSION, temperature 277.00K",277,,"10.1016/0022-2836(86)90246-9",,"1D92",4.89,"2.25",,,,,0.136,2.25,1924,,"X-RAY DIFFRACTION","P 61","GGGGCTCC",8,2.444,"1",
"254D",16,90,90,90,39.67,45.98,39.96,298,"IMAGE PLATE","1992-01-01","ROTATING ANODE",,"X-RAY DIFFRACTION",2.48,50.37,"VAPOR DIFFUSION, SITTING DROP",7,"pH 7.00, VAPOR DIFFUSION, SITTING DROP",,,"10.1006/jmbi.1995.0336",,"254D",3.68,"1.9",20.2,0.186,0.197,,0.197,1.9,1994,,"X-RAY DIFFRACTION","C 2 2 21","GCGCGC",6,1.838,"1",
"401D",12,90,90,120,38.444,38.444,80.175,,"AREA DETECTOR",,,,"X-RAY DIFFRACTION",2.68,56,"VAPOR DIFFUSION",,"VAPOR DIFFUSION",,,"10.1093/nar/26.24.5719",,"401D",3.05,"2.2",,0.285,0.219,,0.219,2.2,1779,,"X-RAY DIFFRACTION","P 61 2 2","GACCGCGGTC",10,3.046,"1",
"5MVQ",12,90,90,120,42.425,42.425,61.697,100,"PIXEL","2016-03-06","SYNCHROTRON","DIAMOND BEAMLINE I03","X-RAY DIFFRACTION",2.19,43.77,"VAPOR DIFFUSION, SITTING DROP",,"Sodium chloride (80 mM)
Magnesium chloride (20 mM)
Spermine tetrahydrochloride (12 mM)
Sodium cacodylate (40 mM, pH 6.0)
MPD (35% v/v)",293,,"10.1038/nsmb.3411",,"5MVQ",7.38,"1.604",,0.1938,0.1785,,0.1795,1.604,7901,"MOLECULAR REPLACEMENT","X-RAY DIFFRACTION","P 32 2 1","CTACGGCCGTAG",12,3.663,"1",
"5MVP",12,90,90,120,43.256,43.256,61.552,100,"PIXEL","2016-03-06","SYNCHROTRON","DIAMOND BEAMLINE I03","X-RAY DIFFRACTION",2.27,45.79,"VAPOR DIFFUSION, SITTING DROP",7,"Sodium chloride (80 mM)
Potassium chloride (12 mM)
Magnesium chloride (20 mM)
Spermine tetrahydrochloride (12 mM)
Sodium cacodylate (40 mM, pH 7.0)
MPD (45% v/v)",293,,"10.1038/nsmb.3411",,"5MVP",7.37,"1.606",,0.2089,0.153,,0.1557,1.606,9075,"MOLECULAR REPLACEMENT","X-RAY DIFFRACTION","P 32 2 1","CTAGGGCCCTAG",12,3.663,"1",
"5MVT",12,90,90,120,44.288,44.288,57.841,100,"PIXEL","2016-02-21","SYNCHROTRON","DIAMOND BEAMLINE I04","X-RAY DIFFRACTION",2.24,44.98,"VAPOR DIFFUSION, SITTING DROP",5.5,"Sodium chloride (12 mM)
Potassium chloride (80 mM)
Hexammine cobalt(III) chloride (2 mM)
MPD (45% v/v)",293,,"10.1038/nsmb.3411",,"5MVT",7.38,"1.896",,0.2245,0.2015,,0.2031,1.896,5518,"MOLECULAR REPLACEMENT","X-RAY DIFFRACTION","P 32 2 1","CTACGTACGTAG",12,3.662,"1",
"5MVK",12,90,90,120,43.678,43.678,58.887,100,"PIXEL","2016-02-10","SYNCHROTRON","DIAMOND BEAMLINE I02","X-RAY DIFFRACTION",2.21,44.42,"VAPOR DIFFUSION, SITTING DROP",7,"Sodium chloride (12 mM)
Potassium chloride (80 mM)
Sodium cacodylate (40 mM, pH 7.0)
Spermine tetrahydrochloride (12 mM)
MPD (40% v/v)",293,,"10.1038/nsmb.3411",,"5MVK",7.33,"1.531",,0.1877,0.1805,,0.1809,1.531,10206,"MOLECULAR REPLACEMENT","X-RAY DIFFRACTION","P 32 2 1","CTACGCGCGTAG",12,3.663,"1",
"327D",12,90,90,120,39.33,39.33,77.93,295,"IMAGE PLATE","1995-06-01","ROTATING ANODE",,"X-RAY DIFFRACTION",2.83,56.52,"VAPOR DIFFUSION",,"VAPOR DIFFUSION",,,"10.1006/jmbi.1997.1102",,"327D",3.08,"1.94",,0.227,0.191,,0.191,1.94,2533,,"X-RAY DIFFRACTION","P 61 2 2","GCGCGCGCGC",10,3.075,"1",
"197D",8,90,90,90,38.605,50.824,21.74,,"AREA DETECTOR",,"ROTATING ANODE","SIEMENS","X-RAY DIFFRACTION",2.2,44.02,"VAPOR DIFFUSION, SITTING DROP",6,"pH 6.00, VAPOR DIFFUSION, SITTING DROP",,,"10.1111/j.1432-1033.1993.tb17807.x",,"197D",4.85,"2.19",,,,,0.161,2.19,1516,,"X-RAY DIFFRACTION","P 21 21 2","GTACGTAC",8,2.427,"1",
"118D",8,90,90,90,42.22,42.22,25.07,263,"AREA DETECTOR",,"ROTATING ANODE","ELLIOTT GX-20","X-RAY DIFFRACTION",2.3,46.55,"VAPOR DIFFUSION",6.5,"pH 6.50, VAPOR DIFFUSION",,,"10.1021/bi00166a014",,"118D",2.43,"1.64",,,,,0.154,1.64,4483,,"X-RAY DIFFRACTION","P 43 21 2","GTGCGCAC",8,2.428,"1",
"1D26",8,90,90,90,43.3,43.3,24.52,,"OSCILLATION CAMERA",,"SYNCHROTRON","EMBL/DESY, HAMBURG BEAMLINE X31","X-RAY DIFFRACTION",2.37,48.06,"MICRODIALYSIS",7,"pH 7.00, MICRODIALYSIS, temperature 277.00K",277,,"10.1093/nar/19.3.427",,"1D26",2.43,"2.12",,,,,0.16,2.12,1197,,"X-RAY DIFFRACTION","P 43 21 2","GCCCGGGC",8,2.427,"1",
"1DN6",4,90,90,90,45.29,45.29,24.73,,"DIFFRACTOMETER",,,,"X-RAY DIFFRACTION",2.32,46.92,"VAPOR DIFFUSION",,"VAPOR DIFFUSION, temperature 293.00K",293,,"10.1038/322661a0",,"1DN6",5.47,"3",,,,,0.33,3,1032,,"X-RAY DIFFRACTION","P 43","GGATGGGAG",9,2.861,"1",
,,,,,,,,,,,,,,,,,,,,,,,,,,,,,,,,,,,,"CTCCCATCC",9,2.612,"2",
"5FHL",12,90,90,120,37.965,37.965,77.195,100,"CCD","2014-04-18","SYNCHROTRON","ESRF BEAMLINE BM14","X-RAY DIFFRACTION",2.64,53.36,"VAPOR DIFFUSION, HANGING DROP",7,"1 mM DNA, 50 mM sodium cacodylate buffer, 5 mM spermine, 40% MPD",293,,"10.1107/S2059798316006306",,"5FHL",3.05,"1.791",,0.2457,0.2172,,0.2202,1.791,3435,"MOLECULAR REPLACEMENT","X-RAY DIFFRACTION","P 61 2 2","GCATGCATGC",10,3.045,"1",
"5WSS",8,90,90,90,40.997,40.997,24.928,100,"PIXEL","2016-06-30","SYNCHROTRON","SSRF BEAMLINE BL19U1","X-RAY DIFFRACTION",2.17,43.2,"VAPOR DIFFUSION, HANGING DROP",,"10% v/v MPD",298,,"10.1093/nar/gkw1296",,"5WSS",2.76,"1.45",16.564,0.1934,0.14799,,0.15017,1.45,3793,"SAD","X-RAY DIFFRACTION","P 43 21 2","GGTCGTCC",8,2.419,"1",
"260D",12,90,90,120,38.97,38.97,77.34,,"AREA DETECTOR","1994-12-06","ROTATING ANODE","MACSCIENCE","X-RAY DIFFRACTION",2.78,55.8,"VAPOR DIFFUSION",7,"pH 7.00, VAPOR DIFFUSION",,,"10.1016/S0006-3495(96)79351-7",,"260D",3.05,"1.9",,,0.186,,0.186,1.9,2491,,"X-RAY DIFFRACTION","P 61 2 2","GCACGCGTGC",10,3.046,"1",
"232D",12,90,90,120,32.7,32.7,78.7,,"IMAGE PLATE",,"SYNCHROTRON","EMBL/DESY, HAMBURG BEAMLINE BW7B","X-RAY DIFFRACTION",1.91,35.74,"VAPOR DIFFUSION, SITTING DROP",7,"pH 7.00, VAPOR DIFFUSION, SITTING DROP, temperature 287.00K",287,,"10.1006/jmbi.1996.0090",,"232D",3.37,"1.3",,0.216,,,0.1385,1.3,6494,,"X-RAY DIFFRACTION","P 61 2 2","AGGCATGCCT",10,3.045,"1",
"1ZF8",8,90,90,90,23.77,44.85,49.61,103,"IMAGE PLATE","2003-09-29","ROTATING ANODE","RIGAKU RUH3R","X-RAY DIFFRACTION",2.17,43.33,,7,"Na Cacodylate, CaCl2, Spermine, MPD in resevoir, pH 7.0, VAPOR DIFFUSION, SITTING DROP, temperature 298K, pH 7.00",298,,"10.1073/pnas.0409455102",,"1ZF8",6.13,"1.48",6.5,0.263,0.22,,0.22,1.48,8299,"MOLECULAR REPLACEMENT","X-RAY DIFFRACTION","P 21 21 21","CCACCGGTGG",10,3.046,"1",
"1ZF6",8,90,90,90,25.239,41.179,44.41,103,"CCD","2004-02-25","SYNCHROTRON","APS BEAMLINE 14-BM-D","X-RAY DIFFRACTION",1.89,35.06,"VAPOR DIFFUSION, SITTING DROP",7,"Na Cacodylate, CaCl2, Spermine, MPD in resevoir, pH 7.0, VAPOR DIFFUSION, SITTING DROP, temperature 298K",298,,"10.1073/pnas.0409455102",,"1ZF6",6.24,"1.5",5.034,0.306,0.256,0.262,,1.5,6829,"MOLECULAR REPLACEMENT","X-RAY DIFFRACTION","P 21 21 21","CCCCATGGGG",10,3.046,"1",
"1ZFA",8,90,90,90,23.93,44.62,46.78,103,"IMAGE PLATE","2003-05-15","ROTATING ANODE","RIGAKU RUH3R","X-RAY DIFFRACTION",2.05,39.99,,7,"Na Cacodylate, CaCl2, Spermine, MPD in resevoir, pH 7.0, VAPOR DIFFUSION, SITTING DROP, temperature 298K, pH 7.00",298,,"10.1073/pnas.0409455102",,"1ZFA",6.2,"1.56",6.6,0.3,0.241,,0.241,1.56,7429,"MOLECULAR REPLACEMENT","X-RAY DIFFRACTION","P 21 21 21","CCTCCGGAGG",10,3.046,"1",
"1VT9",12,90,90,120,46.8,46.8,44.52,,"DIFFRACTOMETER",,"SEALED TUBE",,"X-RAY DIFFRACTION",2.9,57.57,,,"MPD, MgCl2, spermine, sodium cacodylate, temperature 277K",277,,"10.1093/nar/18.11.3185",,"1VT9",4.86,"2.5",,,0.119,,0.119,2.5,1545,,"X-RAY DIFFRACTION","P 61","GGGTACCC",8,2.428,"1",
"2B1C",12,90,90,120,38.482,38.482,78.225,100,"CCD","2001-03-13","SYNCHROTRON","NSLS BEAMLINE X12C","X-RAY DIFFRACTION",2.6,52,,5.5,"MPD, sodium cacodylate, cobalt hexamine, sodium chloride, potassium chloride, vapor diffusion, hanging drop, temperature 295K, pH 5.50",295,,"10.1016/j.jmb.2009.01.007",,"2B1C",6.12,"2.2",22.62,0.286,0.234,,0.234,2.2,1749,"MOLECULAR REPLACEMENT","X-RAY DIFFRACTION","P 61 2 2","GCGTGGGACC",10,3.086,"1",
,,,,,,,,,,,,,,,,,,,,,,,,,,,,,,,,,,,,"GGTCCCACGC",10,3.006,"2",
"2B1B",12,90,90,120,38.258,38.258,78.167,100,"CCD","2001-03-13","SYNCHROTRON","NSLS BEAMLINE X12C","X-RAY DIFFRACTION",2.6,52,,5.5,"MPD, sodium cacodylate, cobalt hexamine, sodium chloride, potassium chloride, vapor diffusion, hanging drop, temperature 295K, pH 5.50",295,,"10.1016/j.jmb.2009.01.007",,"2B1B",6.12,"1.9",19.54,0.255,0.212,,0.212,1.9,2905,"MOLECULAR REPLACEMENT","X-RAY DIFFRACTION","P 61 2 2","GCGTGGGCAC",10,3.086,"1",
,,,,,,,,,,,,,,,,,,,,,,,,,,,,,,,,,,,,"GTGCCCACGC",10,3.006,"2",
"1XJX",4,90,90,90,41.032,41.032,23.8,100,"IMAGE PLATE",,"ROTATING ANODE","RIGAKU RUH3R","X-RAY DIFFRACTION",1.83,32.92,"VAPOR DIFFUSION, HANGING DROP",6.5,"MPD, magnesium chloride, sodium cacodylate acid, pH 6.5, VAPOR DIFFUSION, HANGING DROP, temperature 293K",293,,"10.1107/S0907444904032378",,"1XJX",5.46,"1.7",,0.2506,0.1617,0.1658,0.1658,1.7,,"MOLECULAR REPLACEMENT","X-RAY DIFFRACTION","P 43","TCTGCGGTC",9,2.723,"1",
,,,,,,,,,,,,,,,,,,,,,,,,,,,,,,,,,,,,"TGACCGCAG",9,2.741,"2",
"440D",8,90,90,90,24.688,45.004,46.767,123,"IMAGE PLATE","1997-11-11","ROTATING ANODE","RIGAKU RU200","X-RAY DIFFRACTION",2.099,42.32,"VAPOR DIFFUSION, SITTING DROP",6.5,"pH 6.5, VAPOR DIFFUSION, SITTING DROP, temperature 298K",298,,,,"440D",6.09,"1.1",,0.251,0.213,,0.214,1.1,17587,,"X-RAY DIFFRACTION","P 21 21 21","AGGGGCCCCT",10,3.046,"1",
"5ZAS",12,90,90,120,54.548,54.548,45.819,180,"PIXEL","2016-06-13","SYNCHROTRON","SSRF BEAMLINE BL19U1","X-RAY DIFFRACTION",3.2,61.57,"VAPOR DIFFUSION, SITTING DROP",,"50mM cacodylate pH 6.0, 20mM magnesium acetate, 0.5mM spermine, 100mM NaCl, 25% MPD",277,,"10.1039/c9sc02807b",,"5ZAS",6.27,"1.56",23.583,0.1621,0.14666,,0.14736,1.56,10569,"MOLECULAR REPLACEMENT","X-RAY DIFFRACTION","P 61","CCAGCGCTGG",10,3.074,"1",
"117D",12,90,90,120,46.2,46.2,71.5,,"OSCILLATION CAMERA",,"ROTATING ANODE","ELLIOTT GX-6","X-RAY DIFFRACTION",3.01,59.09,"VAPOR DIFFUSION",6.5,"pH 6.50, VAPOR DIFFUSION, temperature 277.00K",277,,"10.1093/nar/20.24.6637",,"117D",3.66,"2.55",,,,,0.142,2.55,1089,,"X-RAY DIFFRACTION","P 61 2 2","GCGTACGTACGC",12,3.663,"1",
"2FIL",8,90,92.21,90,32.733,69.18,32.831,103,"CCD","2003-06-21","SYNCHROTRON","APS BEAMLINE 5ID-B","X-RAY DIFFRACTION",2.9,57.55,"VAPOR DIFFUSION, HANGING DROP",5.5,"Final droplet composition: 1 mM oligonucleotide, 10% MPD, 20 mM sodium cacodylate, pH 5.5, 10 mM cobalt hexamine, 6 mM NaCl and 80 mM KCl., VAPOR DIFFUSION, HANGING DROP, temperature 291K",291,,"10.1021/bi052322r",,"2FIL",13.5,"1.69",35.247,0.21543,0.20341,,0.20401,1.69,15695,"MOLECULAR REPLACEMENT","X-RAY DIFFRACTION","P 1 21 1","GCGTATACGC",10,3.093,"1",
"1M77",8,90,90,90,44.3,44.3,24.8,298,"AREA DETECTOR","1993-09-22","ROTATING ANODE","SIEMENS","X-RAY DIFFRACTION",1.91,35.5,"VAPOR DIFFUSION, HANGING DROP",6,"cobalt hexammine, cacodylate, pH 6.0, VAPOR DIFFUSION, HANGING DROP, temperature 298K",298,,"10.1107/s0907444902018917",,"1M77",3.21,"1.25",,0.185,0.163,,,1.25,5316,"MOLECULAR REPLACEMENT","X-RAY DIFFRACTION","P 43 21 2","CCCGATCGGG",10,3.046,"1",
"116D",12,90,90,120,46.2,46.2,71.5,277,"OSCILLATION CAMERA",,,,"X-RAY DIFFRACTION",3.01,59.09,"VAPOR DIFFUSION",6.5,"pH 6.50, VAPOR DIFFUSION",,,"10.1016/0022-2836(92)90221-5",,"116D",3.66,"2.5",,,,,0.15,2.5,1664,,"X-RAY DIFFRACTION","P 61 2 2","CCGTACGTACGG",12,3.663,"1",
"220D",12,90,90,120,40.123,40.123,78.224,,"IMAGE PLATE",,"ROTATING ANODE","RIGAKU RU200","X-RAY DIFFRACTION",2.98,58.78,"VAPOR DIFFUSION",6.5,"pH 6.50, VAPOR DIFFUSION",,,"10.1016/S0006-3495(95)79929-5",,"220D",3.18,"2",,,,,0.206,2,1817,,"X-RAY DIFFRACTION","P 61 2 2","ACCCGCGGGT",10,3.046,"1",
"1ZJE",4,90,90,90,33.541,39.687,42.166,,,,"SYNCHROTRON","CHESS BEAMLINE F2","X-RAY DIFFRACTION",1.77,56,"VAPOR DIFFUSION, HANGING DROP",7,"PEG 400, bis tris propane, spermidine, sodium chloride, pH 7, VAPOR DIFFUSION, HANGING DROP, temperature 298K",298,,"10.1016/j.jmb.2005.04.001",,"1ZJE",7.33,"2.1",,0.2561,0.2168,0.2167,0.2117,2.1,3394,"MOLECULAR REPLACEMENT","X-RAY DIFFRACTION","P 21 21 21","AGGGGCGGGGCT",12,3.784,"1",
,,,,,,,,,,,,,,,,,,,,,,,,,,,,,,,,,,,,"TAGCCCCGCCCC",12,3.544,"2",
"5JVW",16,90,90,90,34.567,50.658,92.064,100,"CCD","2014-02-12","SYNCHROTRON","APS BEAMLINE 22-ID","X-RAY DIFFRACTION",3.31,62.83,"VAPOR DIFFUSION, HANGING DROP",6,"Incubation against 35% v/v 2-methyl-2,4-pentanediol",294,,"10.1093/nar/gkw761",,"5JVW",18.1,"2",16.282,0.26713,0.21869,,0.22118,2,10435,"SAD","X-RAY DIFFRACTION","P 21 21 21","AGAGGCCTCT",10,3.045,"1",
"5JW0",16,90,90,90,50.564,50.564,125.243,100,"CCD","2014-07-14","SYNCHROTRON","APS BEAMLINE 21-ID-D","X-RAY DIFFRACTION",6.57,81.29,"VAPOR DIFFUSION, HANGING DROP",6,"Incubation against against 35% v/v 2-methyl-2,4-pentanediol",294,,"10.1093/nar/gkw761",,"5JW0",11.24,"2.4",42.923,0.28905,0.2619,,0.26353,2.4,6349,"SAD","X-RAY DIFFRACTION","P 43 21 2","AGGGTACCCT",10,3.045,"1",
"146D",,,,,,,,,,,,,"SOLUTION NMR",,,,,,,,"10.1021/bi00077a012",,"146D",5.82,,,,,,,,,,,,"TCGCGA",6,1.809,"1",
"1VAQ",48,90,90,120,42.23,42.23,246.11,110,"IMAGE PLATE",,"SYNCHROTRON","APS BEAMLINE 19-ID","X-RAY DIFFRACTION",1.79,30.91,"VAPOR DIFFUSION, HANGING DROP",5,"sodium-cacodylate, MgCl2, pH 5, VAPOR DIFFUSION, HANGING DROP, temperature 298K",298,,"10.1093/nar/gkh549",,"1VAQ",14.44,"2",,0.278,0.235,,0.235,2,7815,"MAD","X-RAY DIFFRACTION","P 65 2 2","TTGGCCAA",8,2.427,"1",
"207D",,,,,,,,,,,,,"SOLUTION NMR",,,,,,,,"10.1006/jmbi.1995.0464",,"207D",10.49,,,,,,,,,,,,"TAGCTAGCTA",10,3.044,"1",
