,target,sequence,AA/TT,GG/CC,AC/GT,CA/TG,AT/AT,TA/TA,AG/CT,GA/TC,CG/CG,GC/GC,item
6RSO,0,TCGGCGCCGA,0,2,0,0,0,0,0,2,3,2,B
6QJR,0,CGCAAAAAAGCG,5,0,0,1,0,0,1,0,2,2,B
6F3C,0,CGTACG,0,0,2,0,0,1,0,0,2,0,B
6GIM,0,AAATTT,4,0,0,0,1,0,0,0,0,0,B
6ASF,0,CCAAGATAG,1,1,0,1,1,1,2,1,0,0,B
5M68,0,CGAATTAATTCG,4,0,0,0,2,1,0,2,2,0,B
5GUN,0,GTGGAATGGAAC,2,2,2,2,1,0,0,2,0,0,B
5UZF,0,CGATTTTTTGGC,5,1,0,1,1,0,0,1,1,1,B
5UZD,0,GCATCGATTGGC,1,1,0,2,2,0,0,2,1,2,B
5J3F,0,CGGCCGCCGA,0,3,0,0,0,0,0,1,3,2,B
2N5P,0,ATGGAGCTC,0,1,0,1,1,0,2,2,0,1,B
2N9H,0,GATGACTGCTAG,0,0,1,2,1,1,3,2,0,1,B
2N9F,0,CTAGCGGTCATC,0,1,1,1,1,1,2,2,1,1,B
5KI4,0,ATCCGGTAG,0,2,1,0,1,1,1,1,1,0,B
5KI5,0,TTAGGCCTG,1,2,0,1,0,1,2,0,0,1,B
4R6M,0,GGACTTCGCG,1,1,1,0,0,0,1,2,2,1,B
2MNE,0,CGACTAGTCG,0,0,2,0,0,1,2,2,2,0,B
2MH6,0,CAGTTCCA,1,1,1,2,0,0,1,1,0,0,B
4OCD,0,AAAATTTT,6,0,0,0,1,0,0,0,0,0,B
2RT8,0,CGCGTTGTCC,1,1,2,1,0,0,0,1,2,1,B
4J2I,0,AATAAATTTATT,6,0,0,0,3,2,0,0,0,0,B
2MCI,0,GTCGGCTG,0,1,1,1,0,0,1,1,1,1,B
2LZW,0,CGAAAGTTTCG,4,0,1,0,0,0,1,2,2,0,B
4BZT,0,ATGCAT,0,0,0,2,2,0,0,0,0,1,B
4BZU,0,TATGCATA,0,0,0,2,2,2,0,0,0,1,B
2LWH,0,GGATATATCC,0,2,0,0,3,2,0,2,0,0,B
3TOK,0,CCGATACCGG,0,3,1,0,1,1,0,1,2,0,B
2LIB,0,GTCCAGGACG,0,2,2,1,0,0,1,2,1,0,B
2LG3,0,GCTAGCGAGTCC,0,1,1,0,0,1,3,2,1,2,B
4E1U,0,CGGAAATTACCG,3,2,1,0,1,1,0,1,2,0,B
2LGM,0,CGTACACATGC,0,0,3,3,1,1,0,0,1,1,B
1VTJ,0,CGCGATATCGCG,0,0,0,0,2,1,0,2,4,2,B
3L1Q,0,TGGCCTTAAGG,2,3,0,1,0,1,2,0,0,1,B
3OMJ,0,CCAGTACTGG,0,2,2,2,0,1,2,0,0,0,B
3N4N,0,CGCGAA,1,0,0,0,0,0,0,1,2,1,B
3LPV,0,CCTCTGGTCTCC,0,3,1,1,0,0,3,3,0,0,B
2KY7,0,AACAATTGTT,4,0,2,2,1,0,0,0,0,0,B
2KH5,0,GTGCGTGTTTGT,2,0,4,3,0,0,0,0,1,1,B
3FT6,0,CGATCG,0,0,0,0,1,0,0,2,2,0,B
3EY0,0,ATATATATAT,0,0,0,0,5,4,0,0,0,0,B
2KNK,0,AGGCGCCT,0,2,0,0,0,0,2,0,1,2,B
2KNL,0,TCCGCGGA,0,2,0,0,0,0,0,2,2,1,B
3IGT,0,CCGAGTCCTA,0,2,1,0,0,1,2,2,1,0,B
3EIL,0,CGTTAATTAACG,4,0,2,0,1,2,0,0,2,0,B
2KAL,0,GCGAGATCTGCG,0,0,0,1,1,0,2,3,2,2,B
3C2J,0,AACCGGTT,2,2,2,0,0,0,0,0,1,0,B
2Z2H,0,CTCGGCGCCATC,0,2,0,1,1,0,1,2,2,2,B
2GOT,0,GCGAACGC,1,0,1,0,0,0,0,1,2,2,B
2OKS,0,CCAACGTTGG,2,2,2,2,0,0,0,0,1,0,B
2O1I,0,CGGAAATTCCCG,3,3,0,0,1,0,0,2,2,0,B
2B2B,0,CCGCTAGCGG,0,2,0,0,0,1,2,0,2,2,B
1X2O,0,GACTGTACAGTC,0,0,4,2,0,1,2,2,0,0,B
2GE2,0,CGTACGCATGC,0,0,2,2,1,1,0,0,2,2,B
1ZYF,0,CAACCATGGTTG,2,2,2,4,1,0,0,0,0,0,B
1ZYG,0,CAACCCGGGTTG,2,4,2,2,0,0,0,0,1,0,B
1ZYH,0,CAACCAGGGTTG,2,3,2,3,0,0,1,0,0,0,B
1X26,0,CTAACAGAATG,2,0,1,2,1,1,2,1,0,0,B
2B1D,0,GCAGACGTCTGC,0,0,2,2,0,0,2,2,1,2,B
1XCI,0,CGAAATTTTCG,5,0,0,0,1,0,0,2,2,0,B
1SK5,0,CTTTTAAAAG,6,0,0,0,0,1,2,0,0,0,B
1ZF7,0,CCGTCGACGG,0,2,2,0,0,0,0,2,3,0,B
1ZF3,0,CCGATATCGG,0,2,0,0,2,1,0,2,2,0,B
1ZF0,0,CCGTTAACGG,2,2,2,0,0,1,0,0,2,0,B
1Y9H,0,CCATCGCTACC,0,2,1,1,1,1,1,1,1,1,B
1SY8,0,TGATCA,0,0,0,2,1,0,0,2,0,0,B
1TUQ,0,CTCCACGTGGAG,0,2,2,2,0,0,2,2,1,0,B
1S9B,0,GAATTCG,2,0,0,0,1,0,0,2,1,0,B
1U6O,0,CGGACAAGAAG,2,1,1,1,0,0,2,2,1,0,B
1PQQ,0,CGCTAACAGGC,1,1,1,1,0,1,2,0,1,2,B
1S74,0,GTCCACGACG,0,1,3,1,0,0,0,2,2,0,B
1S23,0,CGCAATTGCG,2,0,0,2,1,0,0,0,2,2,B
1RVI,0,CGTTTTAAAACG,6,0,2,0,0,1,0,0,2,0,B
1RVH,0,GCAAAATTTTGC,6,0,0,2,1,0,0,0,0,2,B
1LP7,0,CGCTTATATGCG,1,0,0,1,2,2,1,0,2,2,B
1ONM,0,GCTTCAGTCGT,1,0,2,1,0,0,2,2,1,1,B
1N1N,0,ACATCGATCT,0,0,1,1,2,0,1,3,1,0,B
1OSR,0,AGGACCACG,0,2,2,1,0,0,1,1,1,0,B
1HQ7,0,GCAAACGTTTGC,4,0,2,2,0,0,0,0,1,2,B
1NEV,0,GGCAAAACGG,3,2,1,1,0,0,0,0,1,1,B
1N4E,0,GCTTAATTCG,3,0,0,0,1,1,1,1,1,1,B
1N37,0,AGACGTCT,0,0,2,0,0,0,2,2,1,0,B
1G5K,0,CCAAAG,2,1,0,1,0,0,1,0,0,0,B
1N0O,0,CCAAGG,1,2,0,1,0,0,1,0,0,0,B
1N2W,0,CGCGAATTGGCG,2,1,0,1,1,0,0,1,3,2,B
1MXK,0,GGAAGCTTCC,2,2,0,0,0,0,2,2,0,1,B
1KVH,0,CCCGATGC,0,2,0,1,1,0,0,1,1,1,B
1ILC,0,ACCGAATTCGGT,2,2,2,0,1,0,0,2,2,0,B
1K9G,0,CCTAGG,0,2,0,0,0,1,2,0,0,0,B
1IKK,0,CCTTTAAAGG,4,2,0,0,0,1,2,0,0,0,B
1ENN,0,GCGAATTCG,2,0,0,0,1,0,0,2,2,1,B
1QSX,0,CTTTTGCAAAAG,6,0,0,2,0,0,2,0,0,1,B
1CVY,0,CCAGATCTGG,0,2,0,2,1,0,2,2,0,0,B
456D,0,CGCGAATCCGCG,1,1,0,0,1,0,0,2,4,2,B
1D8X,0,CCGAATGAGG,1,2,0,1,1,0,1,2,1,0,B
424D,0,ACCGACGTCGGT,0,2,4,0,0,0,0,2,3,0,B
1QMS,0,GCACCTTCCTGC,1,2,1,2,0,0,2,1,0,2,B
477D,0,GGCGAATTCGCG,2,1,0,0,1,0,0,2,3,2,B
476D,0,GCGAATTCGCG,2,0,0,0,1,0,0,2,3,2,B
1DSM,0,GACTAATTGAC,2,0,2,1,1,1,1,2,0,0,B
335D,0,GGCAATTGCG,2,1,0,2,1,0,0,0,1,2,B
334D,0,CATGGCCATG,0,2,0,4,2,0,0,0,0,1,B
307D,0,CAAAGAAAAG,5,0,0,1,0,0,2,1,0,0,B
309D,0,CGACGATCGT,0,0,2,0,1,0,0,3,3,0,B
251D,0,CTCGAG,0,0,0,0,0,0,2,2,1,0,B
206D,0,CGGTGG,0,2,1,1,0,0,0,0,1,0,B
249D,0,CGCTCTAGAGCG,0,0,0,0,0,1,4,2,2,2,B
253D,0,GCGTACGCG,0,0,2,0,0,1,0,0,3,2,B
226D,0,CGTTTTTACG,4,0,2,0,0,1,0,0,2,0,B
1DXA,0,GGTCACGAG,0,1,2,1,0,0,1,2,1,0,B
218D,0,CGTGAATTCGCG,2,0,1,1,1,0,0,2,3,1,B
202D,0,GACATGTC,0,0,2,2,1,0,0,2,0,0,B
107D,0,CCTTTTC,3,1,0,0,0,0,1,1,0,0,B
194D,0,CGCGTTAACGCG,2,0,2,0,0,1,0,0,4,2,B
178D,0,CGCAAATTGGCG,3,1,0,2,1,0,0,0,2,2,B
175D,0,GCGAATGAGC,1,0,0,1,1,0,1,2,1,2,B
150D,0,CGCGAATTAGCG,2,0,0,0,1,1,1,1,3,2,B
158D,0,CCAAGCTTGG,2,2,0,2,0,0,2,0,0,1,B
132D,0,GCCGTTAACGGC,2,2,2,0,0,1,0,0,2,2,B
153D,0,CGAGAATTCGCG,2,0,0,0,1,0,1,3,3,1,B
119D,0,CGTAGATCTACG,0,0,2,0,1,2,2,2,2,0,B
1D89,0,CGCGAAAAAACG,5,0,1,0,0,0,0,1,3,1,B
1D83,0,AAGGCCTT,2,2,0,0,0,0,2,0,0,1,B
1D69,0,ATGAGCGAATA,1,0,0,1,2,1,1,2,1,1,B
1DA3,0,CGATCGATCG,0,0,0,0,2,0,0,4,3,0,B
1D56,0,CGATATATCG,0,0,0,0,3,2,0,2,2,0,B
1D49,0,CGATTAATCG,2,0,0,0,2,1,0,2,2,0,B
1D20,0,TCTATCACCG,0,1,1,1,1,1,1,2,1,0,B
1D18,0,CATGCATG,0,0,0,4,2,0,0,0,0,1,B
1BDN,0,CGCAAAAATGCG,4,0,0,2,1,0,0,0,2,2,B
1DN9,0,CGCATATATGCG,0,0,0,2,3,2,0,0,2,2,B
3DNB,0,CCAAGATTGG,2,2,0,2,1,0,1,1,0,0,B
6GN2,1,CCCGGG,0,4,0,0,0,0,0,0,1,0,A
5ZAS,1,CCAGCGCTGG,0,2,0,2,0,0,2,0,1,2,A
6DXJ,1,GAGGCCTC,0,2,0,0,0,0,2,2,0,1,A
6DY5,1,AGGGATCCCT,0,4,0,0,1,0,2,2,0,0,A
6DY9,1,GGGATCCC,0,4,0,0,1,0,0,2,0,0,A
5XK0,1,GCCCGAGC,0,2,0,0,0,0,1,1,1,2,A
5MVQ,1,CTACGGCCGTAG,0,2,2,0,0,2,2,0,2,1,A
5MVT,1,CTACGTACGTAG,0,0,4,0,0,3,2,0,2,0,A
5MVP,1,CTAGGGCCCTAG,0,4,0,0,0,2,4,0,0,1,A
5WSS,1,GGTCGTCC,0,2,2,0,0,0,0,2,1,0,A
5JVW,1,AGAGGCCTCT,0,2,0,0,0,0,4,2,0,1,A
5JW0,1,AGGGTACCCT,0,4,2,0,0,1,2,0,0,0,A
4YS5,1,GTGGCCAC,0,2,2,2,0,0,0,0,0,1,A
4IZQ,1,GGGCATGCCC,0,4,0,2,1,0,0,0,0,2,A
4F4N,1,GTGTACAC,0,0,4,2,0,1,0,0,0,0,A
1VT7,1,GGGTGCCC,0,4,1,1,0,0,0,0,0,1,A
1VT5,1,CCCCGGGG,0,6,0,0,0,0,0,0,1,0,A
1VT9,1,GGGTACCC,0,4,2,0,0,1,0,0,0,0,A
3IFF,1,GTACGCGTAC,0,0,4,0,0,2,0,0,2,1,A
2PLO,1,GGTATACC,0,2,2,0,1,2,0,0,0,0,A
2B1B,1,GCGTGGGCAC,0,2,2,2,0,0,0,0,1,2,A
2B1C,1,GCGTGGGACC,0,3,2,1,0,0,0,1,1,1,A
2A7E,1,CCCTAGGG,0,4,0,0,0,1,2,0,0,0,A
1ZF6,1,CCCCATGGGG,0,6,0,2,1,0,0,0,0,0,A
1ZJE,1,AGGGGCGGGGCT,0,6,0,0,0,0,2,0,1,2,A
1ZF8,1,CCACCGGTGG,0,4,2,2,0,0,0,0,1,0,A
1ZF9,1,CCCCCGGGGG,0,8,0,0,0,0,0,0,1,0,A
1ZF1,1,CCGGGCCCGG,0,6,0,0,0,0,0,0,2,1,A
1ZFA,1,CCTCCGGAGG,0,4,0,0,0,0,2,2,1,0,A
1R3Z,1,GCGCGCGC,0,0,0,0,0,0,0,0,3,4,A
1M77,1,CCCGATCGGG,0,4,0,0,1,0,0,2,2,0,A
382D,1,CCGCCGGCGG,0,4,0,0,0,0,0,0,3,2,A
414D,1,GGGGCGCCCC,0,6,0,0,0,0,0,0,1,2,A
1QPH,1,GACCACGTGGTC,0,2,4,2,0,0,0,2,1,0,A
399D,1,CGCCCGCGGGCG,0,4,0,0,0,0,0,0,4,3,A
440D,1,AGGGGCCCCT,0,6,0,0,0,0,2,0,0,1,A
369D,1,CCCGCGGG,0,4,0,0,0,0,0,0,2,1,A
401D,1,GACCGCGGTC,0,2,2,0,0,0,0,2,2,1,A
343D,1,GCTAGC,0,0,0,0,0,1,2,0,0,2,A
327D,1,GCGCGCGCGC,0,0,0,0,0,0,0,0,4,5,A
281D,1,GGCATGCC,0,2,0,2,1,0,0,0,0,2,A
260D,1,GCACGCGTGC,0,0,2,2,0,0,0,0,2,3,A
257D,1,GCCGGC,0,2,0,0,0,0,0,0,1,2,A
254D,1,GCGCGC,0,0,0,0,0,0,0,0,2,3,A
232D,1,AGGCATGCCT,0,2,0,2,1,0,2,0,0,2,A
243D,1,ACGTACGT,0,0,4,0,0,1,0,0,2,0,A
220D,1,ACCCGCGGGT,0,4,2,0,0,0,0,0,2,1,A
207D,1,TAGCTAGCTA,0,0,0,0,0,3,4,0,0,2,A
146D,1,TCGCGA,0,0,0,0,0,0,0,2,2,1,A
197D,1,GTACGTAC,0,0,4,0,0,2,0,0,1,0,A
172D,1,GAAGCTTC,2,0,0,0,0,0,2,2,0,1,A
138D,1,GCGGGCCCGC,0,4,0,0,0,0,0,0,2,3,A
1D93,1,CTCTAGAG,0,0,0,0,0,1,4,2,0,0,A
1D91,1,GGGGTCCC,0,5,1,0,0,0,0,1,0,0,A
1D92,1,GGGGCTCC,0,4,0,0,0,0,1,1,0,1,A
116D,1,CCGTACGTACGG,0,2,4,0,0,2,0,0,3,0,A
117D,1,GCGTACGTACGC,0,0,4,0,0,2,0,0,3,2,A
118D,1,GTGCGCAC,0,0,2,2,0,0,0,0,1,2,A
1D26,1,GCCCGGGC,0,4,0,0,0,0,0,0,1,2,A
2D47,1,CCCCCGCGGGGG,0,8,0,0,0,0,0,0,2,1,A
2ANA,1,GGGGCCCC,0,6,0,0,0,0,0,0,0,1,A
